{
  "all_metrics": {
    "active_block_evals_per_token": 0.9064002588109644,
    "advance_ratio": 0.30550094110641873,
    "average_route_steps": 13.420538698473033,
    "balance_loss": 0.00037165231259278487,
    "block_load_entropy": 1.9300473009108778,
    "block_load_entropy_normalized": 0.9281565540179658,
    "cost_loss": 12.575457142099218,
    "cuda_max_memory_allocated_mb": 38374.08056640625,
    "cuda_memory_allocated_mb": 14188.79248046875,
    "forced_max_step_exit_count": 0.0,
    "forced_max_step_exit_fraction": 0.0,
    "inference_latency_ms_per_token": 0.012757499916915549,
    "inference_time_seconds": 6.688604116439819,
    "inference_tokens_per_second": 78385.26408094035,
    "location_distance_mean": 0.01958132765499192,
    "location_loss": 0.01958132765499192,
    "max_route_steps": 16.0,
    "p_output_mean": 0.06252258284275877,
    "perplexity": 20.41500481597072,
    "position_norm_mean": 1.0,
    "recur_ratio": 0.21814449263166638,
    "route_entropy": 1.7611671588839846,
    "route_imitation_accuracy": 0.1395789581731287,
    "route_path_count": 6.096565961072154,
    "route_path_diversity": 0.19051768628350482,
    "skip_ratio": 0.4763545662619365,
    "tokens_per_second": 118246.0,
    "train_latency_ms_per_token": 0.008456943760393187,
    "train_step_time_seconds": 0.5542342662811279,
    "validation_loss": 3.016270160675049,
    "weighted_fusion_ratio": 0.8170655119586283
  },
  "checks": {
    "benchmark_score_present": true,
    "downstream_reports_present": true,
    "downstream_task_accuracy_present": true,
    "eval_log_present": true,
    "perplexity_present": true,
    "requested_metrics_present": true,
    "validation_loss_present": true
  },
  "downstream": {
    "benchmark_score": 0.0,
    "downstream_report_count": 1,
    "downstream_task_accuracy_mean": 0.0,
    "teacher_forced_token_accuracy_mean": 0.5539347804972804
  },
  "downstream_reports": [
    {
      "benchmark_score": 0.0,
      "exact_match_accuracy": 0.0,
      "path": "reports/package_a_benchmarks/ain_selected.reasoning_s60.json",
      "run_dir": "runs/corrected_package_a_r125_2b_Ain_selective_balance",
      "sample_count": 60.0,
      "teacher_forced_token_accuracy": 0.5539347804972804
    }
  ],
  "metrics": {
    "active_block_evals_per_token": 0.9064002588109644,
    "perplexity": 20.41500481597072,
    "tokens_per_second": 118246.0,
    "validation_loss": 3.016270160675049
  },
  "overall_status": "pass",
  "requested_metrics": [
    "validation_loss",
    "perplexity",
    "tokens_per_second",
    "active_block_evals_per_token"
  ],
  "run_dir": "runs/corrected_package_a_r125_2b_Ain_selective_balance"
}
