{
  "all_metrics": {
    "active_block_evals_per_token": 0.8809980544718647,
    "advance_ratio": 0.49149103026589114,
    "average_route_steps": 13.446982108919327,
    "balance_loss": 0.0004474335119935267,
    "block_load_entropy": 1.9191274145255903,
    "block_load_entropy_normalized": 0.922905198720702,
    "cost_loss": 12.581537444045123,
    "cuda_max_memory_allocated_mb": 38369.82861328125,
    "cuda_memory_allocated_mb": 14184.54052734375,
    "forced_max_step_exit_count": 0.0,
    "forced_max_step_exit_fraction": 0.0,
    "inference_latency_ms_per_token": 0.012502475328801665,
    "inference_time_seconds": 6.554897785186768,
    "inference_tokens_per_second": 79984.16103220159,
    "location_distance_mean": 0.022640454215995972,
    "location_loss": 0.022640454215995972,
    "max_route_steps": 16.0,
    "p_output_mean": 0.06381424323936499,
    "perplexity": 20.65914664335804,
    "position_norm_mean": 1.0,
    "recur_ratio": 0.2522843425210449,
    "route_entropy": 1.7065975313980697,
    "route_imitation_accuracy": 0.13626742972952993,
    "route_path_count": 8.282718395700897,
    "route_path_diversity": 0.25883494986565303,
    "skip_ratio": 0.25622462721307415,
    "tokens_per_second": 118551.0,
    "train_latency_ms_per_token": 0.008435177733190358,
    "train_step_time_seconds": 0.5528078079223633,
    "validation_loss": 3.0281581580638885,
    "weighted_fusion_ratio": 0.7917925496562779
  },
  "checks": {
    "benchmark_score_present": true,
    "downstream_reports_present": true,
    "downstream_task_accuracy_present": true,
    "eval_log_present": true,
    "perplexity_present": true,
    "requested_metrics_present": true,
    "validation_loss_present": true
  },
  "downstream": {
    "benchmark_score": 0.13333333333333333,
    "downstream_report_count": 1,
    "downstream_task_accuracy_mean": 0.13333333333333333,
    "teacher_forced_token_accuracy_mean": 0.7176180069930068
  },
  "downstream_reports": [
    {
      "benchmark_score": 0.13333333333333333,
      "exact_match_accuracy": 0.13333333333333333,
      "path": "reports/package_a_benchmarks/noise.reasoning_s60.json",
      "run_dir": "runs/corrected_package_a_r125_2b_Anoise_logit_noise",
      "sample_count": 60.0,
      "teacher_forced_token_accuracy": 0.7176180069930068
    }
  ],
  "metrics": {
    "active_block_evals_per_token": 0.8809980544718647,
    "perplexity": 20.65914664335804,
    "tokens_per_second": 118551.0,
    "validation_loss": 3.0281581580638885
  },
  "overall_status": "pass",
  "requested_metrics": [
    "validation_loss",
    "perplexity",
    "tokens_per_second",
    "active_block_evals_per_token"
  ],
  "run_dir": "runs/corrected_package_a_r125_2b_Anoise_logit_noise"
}
